commit,module,naive,jfrsort,agent,warmsort
-100,20,-0.39,0.24,NA,0.31
-100,29,2.79,2.41,NA,-2.94
-100,33,6.23,-13.18,NA,-22.95
-100,1117,0.75,-4.39,NA,-2.00
-100,1122,-2.70,-5.54,-4.90,24.63
-100,1683,4.20,3.08,27.22,-8.63
-100,1685,-5.25,10.16,28.42,2.20
-100,1778,-1.62,11.62,13.64,-2.97
-100,2088,0.57,-28.05,23.83,4.23
-100,3613,-4.08,5.96,12.68,9.61
-100,average,0.05,-1.77,16.82,0.15
-75,20,0.55,0.22,NA,0.47
-75,29,2.79,2.38,NA,-4.04
-75,33,-12.23,6.07,NA,2.66
-75,1117,2.53,-4.30,NA,0.14
-75,1122,-2.70,-4.43,-3.68,19.89
-75,1683,4.20,-1.27,21.07,-8.05
-75,1685,-5.25,21.53,21.86,-1.66
-75,1778,-1.62,3.04,-5.14,-8.73
-75,2088,0.57,-12.78,31.43,-22.74
-75,3613,-4.08,10.07,14.26,14.76
-75,average,-1.52,2.05,13.30,-0.73
-50,20,0.55,-0.21,0.02,0.37
-50,29,2.79,-4.65,-1.76,-6.82
-50,33,-20.59,-21.09,9.16,-16.69
-50,1117,2.53,-3.19,2.94,2.94
-50,1122,-2.70,4.23,2.01,-17.02
-50,1683,4.20,0.76,28.37,9.40
-50,1685,-5.25,18.95,40.62,4.93
-50,1778,6.52,9.08,2.98,11.19
-50,2088,0.57,21.13,29.67,0.33
-50,3613,-4.08,12.93,13.32,4.25
-50,average,-1.54,3.80,12.73,-0.71
-25,20,-1.35,0.24,-0.91,0.53
-25,29,2.79,4.14,1.34,-2.17
-25,33,9.46,-8.65,3.26,6.85
-25,1117,2.06,-2.33,1.82,3.17
-25,1122,21.25,-3.71,7.22,-16.46
-25,1683,4.20,8.05,0.80,-5.33
-25,1685,-5.25,21.59,-0.08,-8.96
-25,1778,0.72,-1.01,-15.34,9.84
-25,2088,31.34,0.11,43.93,-17.25
-25,3613,13.07,13.72,4.12,18.60
-25,average,7.83,3.21,4.62,-1.12
0,20,0.83,0.94,0.23,-0.12
0,29,2.79,2.03,3.77,-4.58
0,33,6.23,6.86,9.83,9.35
0,1117,-2.42,-3.45,1.38,1.38
0,1122,2.38,-1.90,7.83,5.68
0,1683,0.28,4.36,4.13,3.80
0,1685,-21.22,2.37,-2.05,8.31
0,1778,-1.62,11.59,-3.22,-1.70
0,2088,16.58,20.94,-4.65,15.50
0,3613,15.41,8.05,14.19,11.69
0,average,1.92,5.18,3.14,4.93
