commit,version,naive,jfrsort,agent,warmsort
-100,10,6.73,10.82,2.04,1.45
-100,20,0.85,14.68,1.51,2.32
-100,30,7.28,14.56,2.12,1.89
-100,40,7.69,14.59,-0.27,-1.45
-100,50,5.23,14.07,-1.48,0.77
-100,60,-0.12,12.97,-4.64,3.69
-100,70,4.34,16.91,7.07,5.01
-100,80,5.63,14.65,2.50,9.26
-100,90,-3.79,15.45,12.49,9.63
-100,100,3.10,13.51,1.54,10.23
-75,10,7.40,10.58,-6.62,-1.01
-75,20,0.68,13.68,-4.71,4.36
-75,30,7.36,12.28,-5.72,3.97
-75,40,7.14,15.10,-4.14,3.37
-75,50,3.53,14.42,-4.87,3.80
-75,60,-0.89,12.61,-6.35,6.01
-75,70,-2.41,14.99,-2.97,7.58
-75,80,5.77,12.59,-2.58,9.16
-75,90,-3.71,14.26,-1.99,10.96
-75,100,2.68,13.52,-12.38,12.33
-50,10,7.02,9.88,-0.81,2.22
-50,20,0.35,14.84,-0.63,6.09
-50,30,5.81,14.29,1.53,3.21
-50,40,5.66,14.39,-2.77,4.91
-50,50,2.94,12.75,-4.43,6.04
-50,60,-0.73,13.21,0.27,3.88
-50,70,3.22,15.79,1.30,9.88
-50,80,5.69,16.18,-2.25,9.57
-50,90,-6.23,16.39,1.63,9.55
-50,100,2.35,14.15,-2.05,8.17
-25,10,7.97,9.73,7.17,2.29
-25,20,-1.76,13.96,7.47,-1.12
-25,30,0.19,13.43,3.68,-0.29
-25,40,3.19,11.83,-13.37,3.17
-25,50,7.37,13.63,2.70,1.11
-25,60,5.22,13.66,1.81,3.57
-25,70,4.67,14.16,5.06,2.06
-25,80,6.14,15.75,6.46,4.82
-25,90,1.54,12.91,11.00,9.73
-25,100,-5.06,15.25,9.24,9.58
0,10,3.91,10.19,4.08,5.16
0,20,5.95,14.76,9.31,6.60
0,30,8.87,12.13,10.55,4.94
0,40,-2.34,14.98,7.08,4.75
0,50,4.96,7.87,12.19,4.08
0,60,5.22,16.04,11.01,6.80
0,70,7.16,16.32,11.61,7.86
0,80,2.26,16.48,12.16,8.56
0,90,7.86,16.14,12.71,12.25
0,100,0.84,14.73,12.81,10.42
